{"cameraMode":{"drawMode":0,"name":"Shaded","section":"Shading Mode"},"sceneLighting":true,"audioPlay":false,"sceneViewState":{"m_AlwaysRefresh":false,"showFog":true,"showSkybox":true,"showFlares":true,"showImageEffects":true,"showParticleSystems":true,"showVisualEffectGraphs":true,"m_FxEnabled":true},"in2DMode":false,"pivot":{"x":-11.341404914855957,"y":0.31949925422668459,"z":1.0505748987197877},"rotation":{"x":-0.25081193447113039,"y":-0.04586789011955261,"z":0.01189724076539278,"w":-0.9668740034103394},"size":10.521536827087403,"orthographic":false}