{"cameraMode":{"drawMode":0,"name":"Shaded","section":"Shading Mode"},"sceneLighting":true,"audioPlay":false,"sceneViewState":{"m_AlwaysRefresh":false,"showFog":true,"showSkybox":true,"showFlares":true,"showImageEffects":true,"showParticleSystems":true,"showVisualEffectGraphs":true,"m_FxEnabled":true},"in2DMode":false,"pivot":{"x":-9.00093936920166,"y":22.876192092895509,"z":-23.091480255126954},"rotation":{"x":-0.007414343301206827,"y":0.1494312435388565,"z":0.001120038446970284,"w":0.9887320399284363},"size":1144.885498046875,"orthographic":false}